{"eval/loss": 0.7963597774505615, "eval/accuracy": 0.6821862348178138, "eval/runtime": 56.7471, "eval/samples_per_second": 17.411, "eval/steps_per_second": 0.282, "train/epoch": 5.0, "train/global_step": 250, "_timestamp": 1677281726.1867883, "_runtime": 15348.040731430054, "_step": 133, "train/train_runtime": 1486.3179, "train/train_samples_per_second": 5.325, "train/train_steps_per_second": 0.168, "train/total_flos": 135157965744780.0, "train/train_loss": 0.7221389923095703, "train/loss": 0.5367, "train/learning_rate": 0.0, "eval/f1_score": 0.6850939350882376}